source,slug,normalized_key,proposed_domain,domain_reason,multifile,relpath,winner,tier
codex,ai-agent-dev,ai-agent,ai-automation,exact,no,ai-agent-dev,WIN,通用
codex,ai-agent-rag,coff0xc-ai-agent-rag,ai-automation,exact,yes,coff0xc-ai-agent-rag,WIN,通用
codex,ai-orchestrator,ai-orchestrator,ai-automation,exact,no,ai-orchestrator,WIN,通用
codex,mlops,mlops,ai-automation,exact,no,mlops,WIN,通用
codex,playwright,playwright,ai-automation,kw:playwright,yes,playwright,WIN,通用
codex,playwright-e2e,playwright-e2e,ai-automation,kw:playwright,no,playwright-e2e,WIN,通用
codex,playwright-interactive,playwright-interactive,ai-automation,kw:playwright,yes,playwright-interactive,WIN,通用
codex,prompt-engineering,prompt,ai-automation,exact,no,prompt-engineering,WIN,通用
codex,rag-engineering,rag,ai-automation,kw:rag,no,rag-engineering,WIN,通用
codex,speech,speech,ai-automation,kw:speech,yes,speech,WIN,通用
codex,transcribe,transcribe,ai-automation,kw:transcribe,yes,transcribe,WIN,通用
cskills,agent-briefing,agent-briefing,ai-automation,rule:csk-readme,no,agent-briefing,WIN,通用
cskills,ai-engineering,ai,ai-automation,rule:csk-readme,no,ai-engineering,WIN,通用
cskills,ai-image-prompt,ai-image-prompt,ai-automation,rule:csk-readme,no,ai-image-prompt,WIN,通用
cskills,autojs-automation,autojs-automation,ai-automation,rule:csk-readme,no,autojs-automation,WIN,通用
cskills,llm-eval,llm-eval,ai-automation,rule:csk-readme,no,llm-eval,WIN,通用
cskills,mcp-tool-use,mcp-tool-use,ai-automation,rule:csk-readme,no,mcp-tool-use,WIN,通用
cskills,prompt-engineering,prompt,ai-automation,rule:csk-readme,no,prompt-engineering,dup,
ours,llm-guardrails,llm-guardrails,ai-automation,rule:ours-path,no,ai-automation/ours/llm-guardrails,WIN,通用
community,ai-act-readiness,ai-act-readiness,ai-governance-compliance,rule:community-path,yes,ai-governance-compliance/community/ai-act-readiness,WIN,通用
community,aims-audit,aims-audit,ai-governance-compliance,rule:community-path,yes,ai-governance-compliance/community/aims-audit,WIN,通用
community,aeo,aeo,answer-engine-optimization,rule:community-path,yes,answer-engine-optimization/community/aeo,WIN,通用
community,app-store-optimization,app-store-optimization,app-store-growth,rule:community-path,yes,app-store-growth/community/app-store-optimization,WIN,通用
codex,api-data-platform,coff0xc-api-data-platform,backend-api,exact,yes,coff0xc-api-data-platform,WIN,通用
codex,api-design,api-design,backend-api,kw:api-design,no,api-design,WIN,通用
codex,api-design-2,anna-api-design,backend-api,kw:api-design,no,anna-api-design,WIN,通用
codex,api-discovery,api-discovery,backend-api,kw:api-discovery,no,api-discovery,WIN,通用
codex,aspnet-core,aspnet-core,backend-api,kw:aspnet,yes,aspnet-core,WIN,半通用
codex,backend-engineering,anna-backend,backend-api,kw:backend,no,anna-backend-engineering,WIN,通用
codex,cms-headless,cms-headless,backend-api,exact,no,cms-headless,WIN,通用
codex,django-dev,django,backend-api,kw:django,no,django-dev,WIN,通用
codex,event-driven,event-driven,backend-api,kw:event-driven,no,event-driven,WIN,通用
codex,fastapi-dev,fastapi,backend-api,kw:fastapi,no,fastapi-dev,WIN,通用
codex,graphql-dev,graphql,backend-api,kw:graphql,no,graphql-dev,WIN,通用
codex,laravel-dev,laravel,backend-api,kw:laravel,no,laravel-dev,WIN,通用
codex,microservices,microservices,backend-api,kw:microservice,no,microservices,WIN,通用
codex,nestjs-dev,nestjs,backend-api,kw:nestjs,no,nestjs-dev,WIN,通用
codex,rails-dev,rails,backend-api,kw:rails,no,rails-dev,WIN,通用
codex,realtime-communication,realtime-communication,backend-api,kw:realtime,no,realtime-communication,WIN,通用
codex,service-mesh,service-mesh,backend-api,kw:service-mesh,no,service-mesh,WIN,通用
codex,spring-boot-dev,spring-boot,backend-api,kw:spring,no,spring-boot-dev,WIN,通用
cskills,api-engineering,api,backend-api,rule:csk-readme,no,api-engineering,WIN,通用
cskills,backend-engineering,backend,backend-api,rule:csk-readme,no,backend-engineering,WIN,通用
cskills,graphql,graphql,backend-api,rule:csk-readme,no,graphql,dup,
cskills,graphql-grpc-events,graphql-grpc-events,backend-api,rule:csk-readme,no,graphql-grpc-events,WIN,通用
codex,supabase-postgres-best-practices,supabase-postgres-best-practices,backend-api,rule:openai-plugins,no,backend-api/codex/supabase-postgres-best-practices,WIN,半通用
cskills,sdk-integration,sdk-integration,backend-api,rule:csk-readme,no,sdk-integration,WIN,通用
ours,api-error-observability,api-error-observability,backend-api,rule:ours-path,no,backend-api/ours/api-error-observability,WIN,通用
ours,auth-access-control,auth-access-control,backend-api,rule:ours-path,no,backend-api/ours/auth-access-control,WIN,通用
ours,background-jobs,background-jobs,backend-api,rule:ours-path,no,backend-api/ours/background-jobs,WIN,通用
ours,database-transaction-consistency,database-transaction-consistency,backend-api,rule:ours-path,no,backend-api/ours/database-transaction-consistency,WIN,通用
ours,dockerfile-best,dockerfile-best,backend-api,rule:ours-path,no,backend-api/ours/dockerfile-best,WIN,通用
ours,websocket-impl,websocket-impl,backend-api,rule:ours-path,no,backend-api/ours/websocket-impl,WIN,通用
community,brand-guidelines,brand-guidelines,brand-strategy,rule:community-path,yes,brand-strategy/community/brand-guidelines,WIN,通用
community,competitor-alternatives,competitor-alternatives,brand-strategy,rule:community-path,yes,brand-strategy/community/competitor-alternatives,WIN,通用
community,marketing-psychology,marketing-psychology,brand-strategy,rule:community-path,yes,brand-strategy/community/marketing-psychology,WIN,通用
community,capacity-planner,capacity-planner,business-operations,rule:community-path,yes,business-operations/community/capacity-planner,WIN,通用
community,internal-comms,internal-comms,business-operations,rule:community-path,yes,business-operations/community/internal-comms,WIN,通用
community,knowledge-ops,knowledge-ops,business-operations,rule:community-path,yes,business-operations/community/knowledge-ops,WIN,通用
community,process-mapper,process-mapper,business-operations,rule:community-path,yes,business-operations/community/process-mapper,WIN,通用
community,procurement-optimizer,procurement-optimizer,business-operations,rule:community-path,yes,business-operations/community/procurement-optimizer,WIN,通用
community,vendor-management,vendor-management,business-operations,rule:community-path,yes,business-operations/community/vendor-management,WIN,通用
community,change-management,change-management,change-org-management,rule:community-path,yes,change-org-management/community/change-management,WIN,通用
community,chief-of-staff,chief-of-staff,change-org-management,rule:community-path,yes,change-org-management/community/chief-of-staff,WIN,通用
community,culture-architect,culture-architect,change-org-management,rule:community-path,yes,change-org-management/community/culture-architect,WIN,通用
community,org-health-diagnostic,org-health-diagnostic,change-org-management,rule:community-path,yes,change-org-management/community/org-health-diagnostic,WIN,通用
codex,chaos-engineering,chaos,cloud-infra,kw:chaos,no,chaos-engineering,WIN,通用
codex,cloudflare-deploy,cloudflare-deploy,cloud-infra,kw:deploy,yes,cloudflare-deploy,WIN,半通用
codex,render-background-workers,render-background-workers,cloud-infra,rule:openai-plugins,yes,cloud-infra/codex/render-background-workers,WIN,半通用
codex,render-blueprints,render-blueprints,cloud-infra,rule:openai-plugins,yes,cloud-infra/codex/render-blueprints,WIN,半通用
codex,render-cli,render-cli,cloud-infra,rule:openai-plugins,yes,cloud-infra/codex/render-cli,WIN,半通用
codex,render-cron-jobs,render-cron-jobs,cloud-infra,rule:openai-plugins,yes,cloud-infra/codex/render-cron-jobs,WIN,半通用
codex,render-debug,render-debug,cloud-infra,rule:openai-plugins,yes,cloud-infra/codex/render-debug,WIN,半通用
codex,render-disks,render-disks,cloud-infra,rule:openai-plugins,yes,cloud-infra/codex/render-disks,WIN,半通用
codex,render-docker,render-docker,cloud-infra,rule:openai-plugins,yes,cloud-infra/codex/render-docker,WIN,半通用
codex,render-domains,render-domains,cloud-infra,rule:openai-plugins,yes,cloud-infra/codex/render-domains,WIN,半通用
codex,render-env-vars,render-env-vars,cloud-infra,rule:openai-plugins,yes,cloud-infra/codex/render-env-vars,WIN,半通用
codex,render-keyvalue,render-keyvalue,cloud-infra,rule:openai-plugins,yes,cloud-infra/codex/render-keyvalue,WIN,半通用
codex,render-mcp,render-mcp,cloud-infra,rule:openai-plugins,yes,cloud-infra/codex/render-mcp,WIN,半通用
codex,render-migrate-from-heroku,render-migrate-from-heroku,cloud-infra,rule:openai-plugins,yes,cloud-infra/codex/render-migrate-from-heroku,WIN,半通用
codex,render-monitor,render-monitor,cloud-infra,rule:openai-plugins,yes,cloud-infra/codex/render-monitor,WIN,半通用
codex,render-networking,render-networking,cloud-infra,rule:openai-plugins,yes,cloud-infra/codex/render-networking,WIN,半通用
codex,render-postgres,render-postgres,cloud-infra,rule:openai-plugins,yes,cloud-infra/codex/render-postgres,WIN,半通用
codex,render-private-services,render-private-services,cloud-infra,rule:openai-plugins,yes,cloud-infra/codex/render-private-services,WIN,半通用
codex,render-scaling,render-scaling,cloud-infra,rule:openai-plugins,yes,cloud-infra/codex/render-scaling,WIN,半通用
codex,render-static-sites,render-static-sites,cloud-infra,rule:openai-plugins,yes,cloud-infra/codex/render-static-sites,WIN,半通用
codex,render-web-services,render-web-services,cloud-infra,rule:openai-plugins,yes,cloud-infra/codex/render-web-services,WIN,半通用
codex,render-workflows,render-workflows,cloud-infra,rule:openai-plugins,yes,cloud-infra/codex/render-workflows,WIN,半通用
codex,disaster-recovery,disaster-recovery,cloud-infra,kw:disaster,no,disaster-recovery,WIN,通用
codex,docker-k8s,docker-k8s,cloud-infra,kw:docker,no,docker-k8s,WIN,通用
codex,edge-computing,edge-computing,cloud-infra,kw:edge-comput,no,edge-computing,WIN,通用
codex,finops,finops,cloud-infra,kw:finops,no,finops,WIN,通用
codex,monitoring-observability,monitoring-observability,cloud-infra,kw:monitoring,no,monitoring-observability,WIN,通用
codex,netlify-deploy,netlify-deploy,cloud-infra,kw:deploy,yes,netlify-deploy,WIN,半通用
codex,render-deploy,render-deploy,cloud-infra,kw:deploy,yes,render-deploy,WIN,半通用
codex,sre-practices,sre-practices,cloud-infra,kw:sre,no,sre-practices,WIN,通用
codex,vercel-deploy,vercel-deploy,cloud-infra,kw:deploy,yes,vercel-deploy,WIN,半通用
cskills,cloud-native,cloud-native,cloud-infra,rule:csk-readme,no,cloud-native,WIN,通用
cskills,finops,finops,cloud-infra,rule:csk-readme,no,finops,dup,
cskills,k8sops,k8sops,cloud-infra,rule:csk-readme,no,k8sops,WIN,通用
cskills,platform-engineering,platform,cloud-infra,rule:csk-readme,no,platform-engineering,WIN,通用
cskills,release-engineering,release,cloud-infra,rule:csk-readme,no,release-engineering,WIN,通用
cskills,terraform,terraform,cloud-infra,rule:csk-readme,no,terraform,WIN,通用
cskills,terraform-iac,terraform-iac,cloud-infra,rule:csk-readme,no,terraform-iac,WIN,通用
community,channel-economics,channel-economics,commercial-strategy,rule:community-path,yes,commercial-strategy/community/channel-economics,WIN,通用
community,commercial-forecaster,commercial-forecaster,commercial-strategy,rule:community-path,yes,commercial-strategy/community/commercial-forecaster,WIN,通用
community,commercial-policy,commercial-policy,commercial-strategy,rule:community-path,yes,commercial-strategy/community/commercial-policy,WIN,通用
community,deal-desk,deal-desk,commercial-strategy,rule:community-path,yes,commercial-strategy/community/deal-desk,WIN,通用
community,partnerships-architect,partnerships-architect,commercial-strategy,rule:community-path,yes,commercial-strategy/community/partnerships-architect,WIN,通用
community,pricing-strategist,pricing-strategist,commercial-strategy,rule:community-path,yes,commercial-strategy/community/pricing-strategist,WIN,通用
community,rfp-responder,rfp-responder,commercial-strategy,rule:community-path,yes,commercial-strategy/community/rfp-responder,WIN,通用
community,compliance-readiness,compliance-readiness,compliance-programs,rule:community-path,yes,compliance-programs/community/compliance-readiness,WIN,通用
codex,doc-office,doc-office,content-authoring,kw:doc-office,no,doc-office,WIN,通用
codex,jupyter-notebook,jupyter-notebook,content-authoring,kw:jupyter,yes,jupyter-notebook,WIN,通用
codex,notion-knowledge-capture,notion-knowledge-capture,content-authoring,kw:notion,yes,notion-knowledge-capture,WIN,半通用
codex,notion-meeting-intelligence,notion-meeting-intelligence,content-authoring,kw:notion,yes,notion-meeting-intelligence,WIN,半通用
codex,notion-research-documentation,notion-research-documentation,content-authoring,kw:document,yes,notion-research-documentation,WIN,半通用
codex,notion-spec-to-implementation,notion-spec-to-implementation,content-authoring,kw:notion,yes,notion-spec-to-implementation,WIN,半通用
codex,office-doc-tools,coff0xc-office-doc-tools,content-authoring,exact,yes,coff0xc-office-doc-tools,WIN,通用
codex,pdf,pdf,content-authoring,kw:pdf,yes,pdf,WIN,通用
codex,quick-translate,quick-translate,content-authoring,kw:translate,no,quick-translate,WIN,通用
codex,research-drawio-diagram,coff0xc-research-drawio-diagram,content-authoring,exact,yes,coff0xc-research-drawio-diagram,WIN,通用
codex,research-paper-writing,research-paper-writing,content-authoring,kw:research-paper,no,research-paper-writing,WIN,通用
codex,technical-writing,technical-writing,content-authoring,kw:technical-writing,no,technical-writing,WIN,通用
cskills,document-authoring,document-authoring,content-authoring,rule:csk-readme,no,document-authoring,WIN,通用
cskills,presentation-authoring,presentation-authoring,content-authoring,rule:csk-readme,no,presentation-authoring,WIN,通用
community,content-creator,content-creator,content-strategy,rule:community-path,yes,content-strategy/community/content-creator,WIN,通用
community,content-production,content-production,content-strategy,rule:community-path,yes,content-strategy/community/content-production,WIN,通用
community,content-strategy,content-strategy,content-strategy,rule:community-path,yes,content-strategy/community/content-strategy,WIN,通用
community,form-cro,form-cro,conversion-optimization,rule:community-path,yes,conversion-optimization/community/form-cro,WIN,通用
community,onboarding-cro,onboarding-cro,conversion-optimization,rule:community-path,yes,conversion-optimization/community/onboarding-cro,WIN,通用
community,page-cro,page-cro,conversion-optimization,rule:community-path,yes,conversion-optimization/community/page-cro,WIN,通用
community,paywall-upgrade-cro,paywall-upgrade-cro,conversion-optimization,rule:community-path,yes,conversion-optimization/community/paywall-upgrade-cro,WIN,通用
community,popup-cro,popup-cro,conversion-optimization,rule:community-path,yes,conversion-optimization/community/popup-cro,WIN,通用
community,signup-flow-cro,signup-flow-cro,conversion-optimization,rule:community-path,yes,conversion-optimization/community/signup-flow-cro,WIN,通用
community,content-humanizer,content-humanizer,copywriting-editing,rule:community-path,yes,copywriting-editing/community/content-humanizer,WIN,通用
community,copy-editing,copy-editing,copywriting-editing,rule:community-path,yes,copywriting-editing/community/copy-editing,WIN,通用
community,copywriting,copywriting,copywriting-editing,rule:community-path,yes,copywriting-editing/community/copywriting,WIN,通用
community,customer-success-manager,customer-success-manager,customer-success,rule:community-path,yes,customer-success/community/customer-success-manager,WIN,通用
codex,data-engineering,data,data-analysis,kw:data-eng,no,data-engineering,WIN,通用
codex,data-visualization,data-visualization,data-analysis,kw:data-visual,no,data-visualization,WIN,通用
codex,database,database,data-analysis,kw:database,no,database,WIN,通用
codex,db-design,anna-db-design,data-analysis,exact,no,anna-db-design,WIN,通用
codex,sql-optimization,sql-optimization,data-analysis,kw:sql,no,sql-optimization,WIN,通用
codex,airtable-filters,airtable-filters,data-analysis,rule:openai-plugins,yes,data-analysis/codex/airtable-filters,WIN,半通用
codex,airtable-overview,airtable-overview,data-analysis,rule:openai-plugins,yes,data-analysis/codex/airtable-overview,WIN,半通用
cskills,data-engineering,data,data-analysis,rule:csk-readme,no,data-engineering,dup,
cskills,database-engineering,database,data-analysis,rule:csk-readme,no,database-engineering,dup,
cskills,spreadsheet-analysis,spreadsheet-analysis,data-analysis,rule:csk-readme,no,spreadsheet-analysis,WIN,通用
ours,validation-schema,validation-schema,data-analysis,rule:ours-path,no,data-analysis/ours/validation-schema,WIN,通用
community,cold-email,cold-email,email-marketing,rule:community-path,yes,email-marketing/community/cold-email,WIN,通用
community,email-sequence,email-sequence,email-marketing,rule:community-path,yes,email-marketing/community/email-sequence,WIN,通用
community,inbox-setup,inbox-setup,email-productivity,rule:community-path,yes,email-productivity/community/inbox-setup,WIN,通用
community,inbox-triage,inbox-triage,email-productivity,rule:community-path,yes,email-productivity/community/inbox-triage,WIN,通用
codex,domains,domains,engineering-core,exact,yes,domains,WIN,通用
codex,perf-engineering,anna-perf,engineering-core,exact,no,anna-perf-engineering,WIN,通用
codex,shell-scripting,shell-scripting,engineering-core,kw:shell-scripting,no,shell-scripting,WIN,通用
codex,shell-scripting-2,anna-shell-scripting,engineering-core,kw:shell-scripting,no,anna-shell-scripting,WIN,通用
codex,software-engineering,coff0xc-software,engineering-core,exact,yes,coff0xc-software-engineering,WIN,通用
codex,system-design,system-design,engineering-core,exact,no,system-design,WIN,通用
cskills,ponytail,ponytail,engineering-core,rule:csk-readme,no,ponytail,WIN,通用
ours,api-versioning,api-versioning,engineering-core,rule:ours-path,no,engineering-core/ours/api-versioning,WIN,通用
ours,concurrency-patterns,concurrency-patterns,engineering-core,rule:ours-path,no,engineering-core/ours/concurrency-patterns,WIN,通用
ours,datetime-timezones,datetime-timezones,engineering-core,rule:ours-path,no,engineering-core/ours/datetime-timezones,WIN,通用
ours,dependency-injection,dependency-injection,engineering-core,rule:ours-path,no,engineering-core/ours/dependency-injection,WIN,通用
ours,environment-config,environment-config,engineering-core,rule:ours-path,no,engineering-core/ours/environment-config,WIN,通用
ours,error-handling-patterns,error-handling-patterns,engineering-core,rule:ours-path,no,engineering-core/ours/error-handling-patterns,WIN,通用
ours,feature-flags,feature-flags,engineering-core,rule:ours-path,no,engineering-core/ours/feature-flags,WIN,通用
ours,graceful-shutdown,graceful-shutdown,engineering-core,rule:ours-path,no,engineering-core/ours/graceful-shutdown,WIN,通用
ours,http-caching,http-caching,engineering-core,rule:ours-path,no,engineering-core/ours/http-caching,WIN,通用
ours,idempotency-design,idempotency-design,engineering-core,rule:ours-path,no,engineering-core/ours/idempotency-design,WIN,通用
ours,memory-leaks,memory-leaks,engineering-core,rule:ours-path,no,engineering-core/ours/memory-leaks,WIN,通用
ours,migration-zero-downtime,migration-zero-downtime,engineering-core,rule:ours-path,no,engineering-core/ours/migration-zero-downtime,WIN,通用
ours,monorepo,monorepo,engineering-core,rule:ours-path,no,engineering-core/ours/monorepo,WIN,通用
ours,pagination,pagination,engineering-core,rule:ours-path,no,engineering-core/ours/pagination,WIN,通用
ours,rate-limiting-algorithms,rate-limiting-algorithms,engineering-core,rule:ours-path,no,engineering-core/ours/rate-limiting-algorithms,WIN,通用
ours,regex-patterns,regex-patterns,engineering-core,rule:ours-path,no,engineering-core/ours/regex-patterns,WIN,通用
ours,string-encoding,string-encoding,engineering-core,rule:ours-path,no,engineering-core/ours/string-encoding,WIN,通用
ours,structured-logging,structured-logging,engineering-core,rule:ours-path,no,engineering-core/ours/structured-logging,WIN,通用
ours,typescript-advanced,typescript-advanced,engineering-core,rule:ours-path,no,engineering-core/ours/typescript-advanced,WIN,通用
community,dossier,dossier,entity-research,rule:community-path,yes,entity-research/community/dossier,WIN,通用
community,pulse,pulse,entity-research,rule:community-path,yes,entity-research/community/pulse,WIN,通用
community,board-deck-builder,board-deck-builder,executive-strategy,rule:community-path,yes,executive-strategy/community/board-deck-builder,WIN,通用
community,decision-logger,decision-logger,executive-strategy,rule:community-path,yes,executive-strategy/community/decision-logger,WIN,通用
community,scenario-war-room,scenario-war-room,executive-strategy,rule:community-path,yes,executive-strategy/community/scenario-war-room,WIN,通用
community,strategic-alignment,strategic-alignment,executive-strategy,rule:community-path,yes,executive-strategy/community/strategic-alignment,WIN,通用
community,financial-analyst,financial-analyst,finance,rule:community-path,yes,finance/community/financial-analyst,WIN,通用
community,saas-metrics-coach,saas-metrics-coach,finance,rule:community-path,yes,finance/community/saas-metrics-coach,WIN,通用
codex,accessibility,accessibility,frontend-ui,kw:accessibility,no,accessibility,WIN,通用
codex,angular-dev,angular,frontend-ui,kw:angular,no,angular-dev,WIN,通用
codex,chatgpt-apps,chatgpt-apps,frontend-ui,kw:chatgpt-apps,yes,chatgpt-apps,WIN,半通用
codex,figma,figma,frontend-ui,kw:figma,yes,figma,WIN,半通用
codex,figma-code-connect-components,figma-code-connect-components,frontend-ui,kw:figma,yes,figma-code-connect-components,WIN,半通用
codex,figma-create-design-system-rules,figma-create-design-system-rules,frontend-ui,kw:figma,yes,figma-create-design-system-rules,WIN,半通用
codex,figma-create-new-file,figma-create-new-file,frontend-ui,kw:figma,yes,figma-create-new-file,WIN,半通用
codex,figma-generate-design,figma-generate-design,frontend-ui,kw:figma,yes,figma-generate-design,WIN,半通用
codex,figma-generate-library,figma-generate-library,frontend-ui,kw:figma,yes,figma-generate-library,WIN,半通用
codex,figma-implement-design,figma-implement-design,frontend-ui,kw:figma,yes,figma-implement-design,WIN,半通用
codex,figma-use,figma-use,frontend-ui,kw:figma,yes,figma-use,WIN,半通用
codex,frontend-dev,frontend,frontend-ui,kw:frontend,no,frontend-dev,WIN,通用
codex,graphics-rendering,graphics-rendering,frontend-ui,exact,no,graphics-rendering,WIN,通用
codex,i18n-l10n,i18n-l10n,frontend-ui,exact,no,i18n-l10n,WIN,通用
codex,nextjs-dev,nextjs,frontend-ui,kw:nextjs,no,nextjs-dev,WIN,通用
codex,screenshot,screenshot,frontend-ui,kw:screenshot,yes,screenshot,WIN,通用
codex,svelte-dev,svelte,frontend-ui,kw:svelte,no,svelte-dev,WIN,通用
codex,ui-design,anna-ui-design,frontend-ui,kw:ui-design,no,anna-ui-design,WIN,通用
codex,ui-doc-output,coff0xc-ui-doc-output,frontend-ui,exact,yes,coff0xc-ui-doc-output,WIN,通用
codex,UIdesign,uidesign,frontend-ui,kw:uidesign,yes,UIdesign,WIN,通用
codex,vue-dev,vue,frontend-ui,kw:vue,no,vue-dev,WIN,通用
codex,winui-app,winui-app,frontend-ui,kw:winui,yes,winui-app,WIN,半通用
cskills,nextdev,nextdev,frontend-ui,rule:csk-readme,no,nextdev,WIN,通用
cskills,react-development,react,frontend-ui,rule:csk-readme,no,react-development,WIN,通用
cskills,screenshot-to-ui,screenshot-to-ui,frontend-ui,rule:csk-readme,no,screenshot-to-ui,WIN,通用
cskills,svelte,svelte,frontend-ui,rule:csk-readme,no,svelte,dup,
cskills,ui-design,ui-design,frontend-ui,rule:csk-readme,no,ui-design,WIN,通用
cskills,vue-development,vue,frontend-ui,rule:csk-readme,no,vue-development,dup,
ours,css-modern-2025,css-modern-2025,frontend-ui,rule:ours-path,no,frontend-ui/ours/css-modern-2025,WIN,通用
ours,design-system-implementation,design-system-implementation,frontend-ui,rule:ours-path,no,frontend-ui/ours/design-system-implementation,WIN,通用
ours,frontend-performance,frontend-performance,frontend-ui,rule:ours-path,no,frontend-ui/ours/frontend-performance,WIN,通用
ours,frontend-state-data-flow,frontend-state-data-flow,frontend-ui,rule:ours-path,no,frontend-ui/ours/frontend-state-data-flow,WIN,通用
community,grants,grants,grant-funding,rule:community-path,yes,grant-funding/community/grants,WIN,通用
community,ab-test-setup,ab-test-setup,growth-experiments,rule:community-path,yes,growth-experiments/community/ab-test-setup,WIN,通用
community,free-tool-strategy,free-tool-strategy,growth-experiments,rule:community-path,yes,growth-experiments/community/free-tool-strategy,WIN,通用
community,referral-program,referral-program,growth-experiments,rule:community-path,yes,growth-experiments/community/referral-program,WIN,通用
community,handoff,handoff,handoff-knowledge,rule:community-path,yes,handoff-knowledge/community/handoff,WIN,通用
codex,STM32进阶开发,stm32进阶开发,hardware-systems,kw:stm32,no,STM32进阶开发,WIN,通用
codex,STM32嵌入式核心开发,stm32嵌入式核心开发,hardware-systems,kw:stm32,no,STM32嵌入式核心开发,WIN,通用
codex,STM32外设驱动开发,stm32外设驱动开发,hardware-systems,kw:stm32,no,STM32外设驱动开发,WIN,通用
cskills,embedded-firmware,embedded-firmware,hardware-systems,rule:csk-readme,no,embedded-firmware,WIN,通用
cskills,fpga-asic-hdl,fpga-asic-hdl,hardware-systems,rule:csk-readme,no,fpga-asic-hdl,WIN,通用
cskills,linux-driver-development,linux-driver,hardware-systems,rule:csk-readme,no,linux-driver-development,WIN,通用
cskills,uefi-development,uefi,hardware-systems,rule:csk-readme,no,uefi-development,WIN,通用
cskills,windows-driver-development,windows-driver,hardware-systems,rule:csk-readme,no,windows-driver-development,WIN,通用
community,launch-strategy,launch-strategy,launch-management,rule:community-path,yes,launch-management/community/launch-strategy,WIN,通用
community,syllabus,syllabus,learning-design,rule:community-path,yes,learning-design/community/syllabus,WIN,通用
community,litreview,litreview,literature-review,rule:community-path,yes,literature-review/community/litreview,WIN,通用
cskills,amap-gaode,amap-gaode,maps-location,rule:csk-readme,no,amap-gaode,WIN,半通用
cskills,baidu-map,baidu-map,maps-location,rule:csk-readme,no,baidu-map,WIN,半通用
cskills,esri-arcgis,esri-arcgis,maps-location,rule:csk-readme,no,esri-arcgis,WIN,半通用
cskills,google-maps-platform,google-maps-platform,maps-location,rule:csk-readme,no,google-maps-platform,WIN,半通用
cskills,huawei-map-kit,huawei-map-kit,maps-location,rule:csk-readme,no,huawei-map-kit,WIN,半通用
cskills,leaflet-openlayers,leaflet-openlayers,maps-location,rule:csk-readme,no,leaflet-openlayers,WIN,半通用
cskills,map-gis-core,map-gis-core,maps-location,rule:csk-readme,no,map-gis-core,WIN,半通用
cskills,mapbox-maplibre,mapbox-maplibre,maps-location,rule:csk-readme,no,mapbox-maplibre,WIN,半通用
cskills,openstreetmap-routing,openstreetmap-routing,maps-location,rule:csk-readme,no,openstreetmap-routing,WIN,半通用
cskills,tencent-map,tencent-map,maps-location,rule:csk-readme,no,tencent-map,WIN,半通用
cskills,tianditu-map,tianditu-map,maps-location,rule:csk-readme,no,tianditu-map,WIN,半通用
community,design-system,design-system,markdown-publishing,rule:community-path,yes,markdown-publishing/community/design-system,WIN,通用
community,md-document,md-document,markdown-publishing,rule:community-path,yes,markdown-publishing/community/md-document,WIN,通用
community,md-review,md-review,markdown-publishing,rule:community-path,yes,markdown-publishing/community/md-review,WIN,通用
community,md-slides,md-slides,markdown-publishing,rule:community-path,yes,markdown-publishing/community/md-slides,WIN,通用
community,analytics-tracking,analytics-tracking,marketing-analytics,rule:community-path,yes,marketing-analytics/community/analytics-tracking,WIN,通用
community,campaign-analytics,campaign-analytics,marketing-analytics,rule:community-path,yes,marketing-analytics/community/campaign-analytics,WIN,通用
community,fda-qsr-audit-prep,fda-qsr-audit-prep,medical-regulatory,rule:community-path,yes,medical-regulatory/community/fda-qsr-audit-prep,WIN,通用
community,iso13485-audit-prep,iso13485-audit-prep,medical-regulatory,rule:community-path,yes,medical-regulatory/community/iso13485-audit-prep,WIN,通用
community,mdr-745-specialist,mdr-745-specialist,medical-regulatory,rule:community-path,yes,medical-regulatory/community/mdr-745-specialist,WIN,通用
codex,apple-development,anna-apple,mobile-crossplatform,kw:apple,no,anna-apple-development,WIN,通用
codex,building-native-ui,building-native-ui,mobile-crossplatform,rule:openai-plugins,yes,mobile-crossplatform/codex/building-native-ui,WIN,半通用
codex,codex-expo-run-actions,codex-expo-run-actions,mobile-crossplatform,rule:openai-plugins,yes,mobile-crossplatform/codex/codex-expo-run-actions,WIN,半通用
codex,expo-api-routes,expo-api-routes,mobile-crossplatform,rule:openai-plugins,yes,mobile-crossplatform/codex/expo-api-routes,WIN,半通用
codex,expo-cicd-workflows,expo-cicd-workflows,mobile-crossplatform,rule:openai-plugins,yes,mobile-crossplatform/codex/expo-cicd-workflows,WIN,半通用
codex,expo-deployment,expo-deployment,mobile-crossplatform,rule:openai-plugins,yes,mobile-crossplatform/codex/expo-deployment,WIN,半通用
codex,expo-dev-client,expo-dev-client,mobile-crossplatform,rule:openai-plugins,yes,mobile-crossplatform/codex/expo-dev-client,WIN,半通用
codex,expo-module,expo-module,mobile-crossplatform,rule:openai-plugins,yes,mobile-crossplatform/codex/expo-module,WIN,半通用
codex,expo-tailwind-setup,expo-tailwind-setup,mobile-crossplatform,rule:openai-plugins,yes,mobile-crossplatform/codex/expo-tailwind-setup,WIN,半通用
codex,native-data-fetching,native-data-fetching,mobile-crossplatform,rule:openai-plugins,yes,mobile-crossplatform/codex/native-data-fetching,WIN,半通用
codex,upgrading-expo,upgrading-expo,mobile-crossplatform,rule:openai-plugins,yes,mobile-crossplatform/codex/upgrading-expo,WIN,半通用
codex,use-dom,use-dom,mobile-crossplatform,rule:openai-plugins,yes,mobile-crossplatform/codex/use-dom,WIN,半通用
codex,flutter-dart-dev,flutter-dart,mobile-crossplatform,kw:flutter,no,flutter-dart-dev,WIN,通用
codex,flutter-development,anna-flutter,mobile-crossplatform,kw:flutter,no,anna-flutter-development,WIN,通用
codex,kotlin-android-dev,kotlin-android,mobile-crossplatform,kw:android,no,kotlin-android-dev,WIN,通用
codex,react-native-dev,react-native,mobile-crossplatform,kw:react-native,no,react-native-dev,WIN,通用
codex,swift-ios-dev,swift-ios,mobile-crossplatform,kw:ios,no,swift-ios-dev,WIN,通用
codex,uniapp-dev,anna-uniapp,mobile-crossplatform,kw:uniapp,no,anna-uniapp-dev,WIN,通用
cskills,alipay-miniprogram,alipay-miniprogram,mobile-crossplatform,rule:csk-readme,no,alipay-miniprogram,WIN,半通用
cskills,android-development,android,mobile-crossplatform,rule:csk-readme,no,android-development,WIN,通用
cskills,apple-development,apple,mobile-crossplatform,rule:csk-readme,no,apple-development,WIN,通用
cskills,douyin-miniprogram,douyin-miniprogram,mobile-crossplatform,rule:csk-readme,no,douyin-miniprogram,WIN,半通用
cskills,electron-development,electron,mobile-crossplatform,rule:csk-readme,no,electron-development,WIN,通用
cskills,flutter-development,flutter,mobile-crossplatform,rule:csk-readme,no,flutter-development,WIN,通用
cskills,harmonyos-arkts,harmonyos-arkts,mobile-crossplatform,rule:csk-readme,no,harmonyos-arkts,WIN,半通用
cskills,harmonyos-arkui,harmonyos-arkui,mobile-crossplatform,rule:csk-readme,no,harmonyos-arkui,WIN,半通用
cskills,tauri-development,tauri,mobile-crossplatform,rule:csk-readme,no,tauri-development,WIN,通用
cskills,uniapp-development,uniapp,mobile-crossplatform,rule:csk-readme,no,uniapp-development,WIN,通用
cskills,wechat-miniprogram,wechat-miniprogram,mobile-crossplatform,rule:csk-readme,no,wechat-miniprogram,WIN,半通用
community,ad-creative,ad-creative,paid-acquisition,rule:community-path,yes,paid-acquisition/community/ad-creative,WIN,通用
community,marketing-demand-acquisition,marketing-demand-acquisition,paid-acquisition,rule:community-path,yes,paid-acquisition/community/marketing-demand-acquisition,WIN,通用
community,paid-ads,paid-ads,paid-acquisition,rule:community-path,yes,paid-acquisition/community/paid-ads,WIN,通用
community,patent,patent,patent-intelligence,rule:community-path,yes,patent-intelligence/community/patent,WIN,通用
codex,payment-fintech,payment-fintech,payments-commerce,kw:pay,no,payment-fintech,WIN,半通用
cskills,adyen,adyen,payments-commerce,rule:csk-readme,no,adyen,WIN,半通用
cskills,alipay-pay,alipay-pay,payments-commerce,rule:csk-readme,no,alipay-pay,WIN,半通用
cskills,apple-pay,apple-pay,payments-commerce,rule:csk-readme,no,apple-pay,WIN,半通用
cskills,checkout-com,checkout-com,payments-commerce,rule:csk-readme,no,checkout-com,WIN,半通用
cskills,google-pay,google-pay,payments-commerce,rule:csk-readme,no,google-pay,WIN,半通用
cskills,paypal,paypal,payments-commerce,rule:csk-readme,no,paypal,WIN,半通用
cskills,square,square,payments-commerce,rule:csk-readme,no,square,WIN,半通用
cskills,stripe,stripe,payments-commerce,rule:csk-readme,no,stripe,WIN,半通用
cskills,wallet-engineering,wallet,payments-commerce,rule:csk-readme,no,wallet-engineering,WIN,半通用
cskills,wallet-pass,wallet-pass,payments-commerce,rule:csk-readme,no,wallet-pass,WIN,半通用
cskills,wechat-pay,wechat-pay,payments-commerce,rule:csk-readme,no,wechat-pay,WIN,半通用
community,capture,capture,personal-productivity,rule:community-path,yes,personal-productivity/community/capture,WIN,通用
community,reflect,reflect,personal-productivity,rule:community-path,yes,personal-productivity/community/reflect,WIN,通用
community,gdpr-audit-prep,gdpr-audit-prep,privacy-compliance,rule:community-path,yes,privacy-compliance/community/gdpr-audit-prep,WIN,通用
codex,linear,linear,product-growth,exact,yes,linear,WIN,半通用
codex,product-manager,anna-product-manager,product-growth,kw:product-manager,no,anna-product-manager,WIN,通用
codex,sentry,sentry,product-growth,exact,yes,sentry,WIN,半通用
cskills,ai-content-marketing,ai-content-marketing,product-growth,rule:csk-readme,no,ai-content-marketing,WIN,通用
cskills,product-manager,product-manager,product-growth,rule:csk-readme,no,product-manager,WIN,通用
cskills,product-marketing,product-marketing,product-growth,rule:csk-readme,no,product-marketing,WIN,通用
cskills,project-promo-writer,project-promo-writer,product-growth,rule:csk-readme,no,project-promo-writer,WIN,通用
cskills,social-media-ops,social-media-ops,product-growth,rule:csk-readme,no,social-media-ops,WIN,通用
community,code-to-prd,code-to-prd,product-management,rule:community-path,yes,product-management/community/code-to-prd,WIN,通用
community,competitive-teardown,competitive-teardown,product-management,rule:community-path,yes,product-management/community/competitive-teardown,WIN,通用
community,experiment-designer,experiment-designer,product-management,rule:community-path,yes,product-management/community/experiment-designer,WIN,通用
community,product-analytics,product-analytics,product-management,rule:community-path,yes,product-management/community/product-analytics,WIN,通用
community,product-discovery,product-discovery,product-management,rule:community-path,yes,product-management/community/product-discovery,WIN,通用
community,product-strategist,product-strategist,product-management,rule:community-path,yes,product-management/community/product-strategist,WIN,通用
community,research-summarizer,research-summarizer,product-management,rule:community-path,yes,product-management/community/research-summarizer,WIN,通用
community,roadmap-communicator,roadmap-communicator,product-management,rule:community-path,yes,product-management/community/roadmap-communicator,WIN,通用
codex,c-cpp-dev,c-cpp,programming-languages,kw:-cpp,no,c-cpp-dev,WIN,通用
codex,csharp-dotnet-dev,csharp-dotnet,programming-languages,kw:csharp,no,csharp-dotnet-dev,WIN,通用
codex,go-dev,go,programming-languages,kw:go-dev,no,go-dev,WIN,通用
codex,go-dev-2,anna-go,programming-languages,kw:go-dev,no,anna-go-dev,WIN,通用
codex,java-dev,java,programming-languages,kw:java-dev,no,java-dev,WIN,通用
codex,js-ts-dev,javascript-typescript,programming-languages,kw:js-ts,no,js-ts-dev,WIN,通用
codex,js-ts-dev-2,anna-js-ts,programming-languages,kw:js-ts,no,anna-js-ts-dev,WIN,通用
codex,php-dev,php,programming-languages,kw:php-dev,no,php-dev,WIN,通用
codex,python-dev,python,programming-languages,kw:python-dev,no,python-dev,WIN,通用
codex,python-dev-2,anna-python,programming-languages,kw:python-dev,no,anna-python-dev,WIN,通用
codex,ruby-dev,ruby,programming-languages,kw:ruby-dev,no,ruby-dev,WIN,通用
codex,rust-dev,rust,programming-languages,kw:rust-dev,no,rust-dev,WIN,通用
cskills,cpp-development,cpp,programming-languages,rule:csk-readme,no,cpp-development,WIN,通用
cskills,dotnet-development,dotnet,programming-languages,rule:csk-readme,no,dotnet-development,WIN,通用
cskills,elixir-erlang-development,elixir-erlang,programming-languages,rule:csk-readme,no,elixir-erlang-development,WIN,通用
cskills,go-development,go,programming-languages,rule:csk-readme,no,go-development,dup,
cskills,java-jvm-development,java-jvm,programming-languages,rule:csk-readme,no,java-jvm-development,WIN,通用
cskills,javascript-typescript-development,javascript-typescript,programming-languages,rule:csk-readme,no,javascript-typescript-development,dup,
cskills,kotlin-development,kotlin,programming-languages,rule:csk-readme,no,kotlin-development,WIN,通用
cskills,lua-openresty-development,lua-openresty,programming-languages,rule:csk-readme,no,lua-openresty-development,WIN,通用
cskills,php-development,php,programming-languages,rule:csk-readme,no,php-development,dup,
cskills,python-development,python,programming-languages,rule:csk-readme,no,python-development,dup,
cskills,r-development,r,programming-languages,rule:csk-readme,no,r-development,WIN,通用
cskills,ruby-development,ruby,programming-languages,rule:csk-readme,no,ruby-development,dup,
cskills,rust-development,rust,programming-languages,rule:csk-readme,no,rust-development,dup,
cskills,scala-development,scala,programming-languages,rule:csk-readme,no,scala-development,WIN,通用
cskills,shell-scripting,shell-scripting,programming-languages,rule:csk-readme,no,shell-scripting,dup,
cskills,typescript-development,typescript,programming-languages,rule:csk-readme,no,typescript-development,WIN,通用
community,meeting-analyzer,meeting-analyzer,project-management,rule:community-path,yes,project-management/community/meeting-analyzer,WIN,通用
community,scrum-master,scrum-master,project-management,rule:community-path,yes,project-management/community/scrum-master,WIN,通用
community,senior-pm,senior-pm,project-management,rule:community-path,yes,project-management/community/senior-pm,WIN,通用
community,team-communications,team-communications,project-management,rule:community-path,yes,project-management/community/team-communications,WIN,通用
codex,cli-creator,cli-creator,quality-delivery,exact,yes,cli-creator,WIN,通用
codex,code-audit,code-audit,quality-delivery,exact,no,code-audit,WIN,通用
codex,code-audit-2,anna-code-audit,quality-delivery,kw:code-audit,no,anna-code-audit,WIN,通用
codex,code-migration,code-migration,quality-delivery,exact,no,code-migration,WIN,通用
codex,code-simplifier,code-simplifier,quality-delivery,exact,no,code-simplifier,WIN,通用
codex,commit,commit,quality-delivery,exact,no,commit,WIN,通用
codex,devex-tooling,devex-tooling,quality-delivery,exact,no,devex-tooling,WIN,通用
codex,gh-address-comments,gh-address-comments,quality-delivery,exact,yes,gh-address-comments,WIN,通用
codex,gh-fix-ci,gh-fix-ci,quality-delivery,exact,yes,gh-fix-ci,WIN,通用
codex,git-workflow,git-workflow,quality-delivery,exact,no,git-workflow,WIN,通用
codex,git-workflow-2,anna-git-workflow,quality-delivery,kw:git-workflow,no,anna-git-workflow,WIN,通用
codex,low-code,low-code,quality-delivery,kw:low-code,no,low-code,WIN,通用
codex,performance-testing,performance-testing,quality-delivery,kw:test,no,performance-testing,WIN,通用
codex,qa,qa,quality-delivery,exact,yes,qa,WIN,通用
codex,refactor,refactor,quality-delivery,exact,yes,refactor,WIN,通用
codex,test-engineering,anna-test,quality-delivery,kw:test,no,anna-test-engineering,WIN,通用
codex,testing,testing,quality-delivery,exact,no,testing,WIN,通用
codex,tools,tools,quality-delivery,exact,yes,tools,WIN,通用
codex,yeet,yeet,quality-delivery,exact,yes,yeet,WIN,通用
cskills,browser-automation,browser-automation,quality-delivery,rule:csk-readme,no,browser-automation,WIN,通用
cskills,code-audit,code-audit,quality-delivery,rule:csk-readme,no,code-audit,dup,
cskills,git-workflow,git-workflow,quality-delivery,rule:csk-readme,no,git-workflow,dup,
cskills,harmonyos-build-quality,harmonyos-build-quality,quality-delivery,rule:csk-readme,no,harmonyos-build-quality,WIN,通用
cskills,observability,observability,quality-delivery,rule:csk-readme,no,observability,WIN,通用
cskills,perf-engineering,perf,quality-delivery,rule:csk-readme,no,perf-engineering,WIN,通用
cskills,test-engineering,test,quality-delivery,rule:csk-readme,no,test-engineering,WIN,通用
community,capa-officer,capa-officer,quality-management,rule:community-path,yes,quality-management/community/capa-officer,WIN,通用
community,qms-audit-expert,qms-audit-expert,quality-management,rule:community-path,yes,quality-management/community/qms-audit-expert,WIN,通用
community,quality-documentation-manager,quality-documentation-manager,quality-management,rule:community-path,yes,quality-management/community/quality-documentation-manager,WIN,通用
codex,context7,context7,research-knowledge,exact,no,context7,WIN,通用
codex,game-dev,game,research-knowledge,exact,no,game-dev,WIN,通用
codex,research-scientific-research,research-scientific-research,research-knowledge,kw:research,no,research-scientific-research,WIN,通用
codex,search-engine,search-engine,research-knowledge,kw:search-engine,no,search-engine,WIN,通用
codex,web-fetch,web-fetch,research-knowledge,exact,no,web-fetch,WIN,通用
codex,web3-dapp,web3-dapp,research-knowledge,kw:web3,no,web3-dapp,WIN,通用
cskills,academic-writing,academic-writing,research-knowledge,rule:csk-readme,no,academic-writing,WIN,通用
cskills,legal-counsel,legal-counsel,research-knowledge,rule:csk-readme,no,legal-counsel,WIN,通用
cskills,project-learning,project-learning,research-knowledge,rule:csk-readme,no,project-learning,WIN,通用
cskills,research,research,research-knowledge,rule:csk-readme,no,research,WIN,通用
community,clinical-research,clinical-research,research-ops,rule:community-path,yes,research-ops/community/clinical-research,WIN,通用
community,market-research,market-research,research-ops,rule:community-path,yes,research-ops/community/market-research,WIN,通用
community,product-research,product-research,research-ops,rule:community-path,yes,research-ops/community/product-research,WIN,通用
community,revenue-operations,revenue-operations,revenue-operations,rule:community-path,yes,revenue-operations/community/revenue-operations,WIN,通用
codex,android-reversing,android-reversing,reverse-engineering,kw:revers,no,android-reversing,WIN,通用
codex,binary-exploit,binary-exploit,reverse-engineering,kw:binary-exploit,no,binary-exploit,WIN,通用
codex,dotnet-reversing,dotnet-reversing,reverse-engineering,kw:revers,no,dotnet-reversing,WIN,通用
codex,reverse-analysis,reverse-analysis,reverse-engineering,kw:revers,no,reverse-analysis,WIN,通用
codex,reverse-engineering,reverse,reverse-engineering,kw:revers,no,reverse-engineering,WIN,通用
codex,reverse-engineering-2,anna-reverse,reverse-engineering,kw:revers,no,anna-reverse-engineering,WIN,通用
cskills,abirev,abirev,reverse-engineering,rule:csk-readme,no,abirev,WIN,通用
cskills,asmrev,asmrev,reverse-engineering,rule:csk-readme,no,asmrev,WIN,通用
cskills,autorev,autorev,reverse-engineering,rule:csk-readme,no,autorev,WIN,通用
cskills,binrev,binrev,reverse-engineering,rule:csk-readme,no,binrev,WIN,通用
cskills,bootrev,bootrev,reverse-engineering,rule:csk-readme,no,bootrev,WIN,通用
cskills,carrev,carrev,reverse-engineering,rule:csk-readme,no,carrev,WIN,通用
cskills,cloudrev,cloudrev,reverse-engineering,rule:csk-readme,no,cloudrev,WIN,通用
cskills,containerrev,containerrev,reverse-engineering,rule:csk-readme,no,containerrev,WIN,通用
cskills,contractrev,contractrev,reverse-engineering,rule:csk-readme,no,contractrev,WIN,通用
cskills,crashrev,crashrev,reverse-engineering,rule:csk-readme,no,crashrev,WIN,通用
cskills,cryptrev,cryptrev,reverse-engineering,rule:csk-readme,no,cryptrev,WIN,通用
cskills,debugrev,debugrev,reverse-engineering,rule:csk-readme,no,debugrev,WIN,通用
cskills,diffrev,diffrev,reverse-engineering,rule:csk-readme,no,diffrev,WIN,通用
cskills,diskrev,diskrev,reverse-engineering,rule:csk-readme,no,diskrev,WIN,通用
cskills,docrev,docrev,reverse-engineering,rule:csk-readme,no,docrev,WIN,通用
cskills,dotnetrev,dotnetrev,reverse-engineering,rule:csk-readme,no,dotnetrev,WIN,通用
cskills,drmrev,drmrev,reverse-engineering,rule:csk-readme,no,drmrev,WIN,通用
cskills,ebpfrev,ebpfrev,reverse-engineering,rule:csk-readme,no,ebpfrev,WIN,通用
cskills,edrrev,edrrev,reverse-engineering,rule:csk-readme,no,edrrev,WIN,通用
cskills,fmtrev,fmtrev,reverse-engineering,rule:csk-readme,no,fmtrev,WIN,通用
cskills,fuzzrev,fuzzrev,reverse-engineering,rule:csk-readme,no,fuzzrev,WIN,通用
cskills,fwrev,fwrev,reverse-engineering,rule:csk-readme,no,fwrev,WIN,通用
cskills,gamerev,gamerev,reverse-engineering,rule:csk-readme,no,gamerev,WIN,通用
cskills,gorev,gorev,reverse-engineering,rule:csk-readme,no,gorev,WIN,通用
cskills,hvrev,hvrev,reverse-engineering,rule:csk-readme,no,hvrev,WIN,通用
cskills,hwrev,hwrev,reverse-engineering,rule:csk-readme,no,hwrev,WIN,通用
cskills,icsrev,icsrev,reverse-engineering,rule:csk-readme,no,icsrev,WIN,通用
cskills,iotrev,iotrev,reverse-engineering,rule:csk-readme,no,iotrev,WIN,通用
cskills,irrev,irrev,reverse-engineering,rule:csk-readme,no,irrev,WIN,通用
cskills,javarev,javarev,reverse-engineering,rule:csk-readme,no,javarev,WIN,通用
cskills,kernrev,kernrev,reverse-engineering,rule:csk-readme,no,kernrev,WIN,通用
cskills,linuxrev,linuxrev,reverse-engineering,rule:csk-readme,no,linuxrev,WIN,通用
cskills,macrev,macrev,reverse-engineering,rule:csk-readme,no,macrev,WIN,通用
cskills,malrev,malrev,reverse-engineering,rule:csk-readme,no,malrev,WIN,通用
cskills,memrev,memrev,reverse-engineering,rule:csk-readme,no,memrev,WIN,通用
cskills,mitirev,mitirev,reverse-engineering,rule:csk-readme,no,mitirev,WIN,通用
cskills,mlrev,mlrev,reverse-engineering,rule:csk-readme,no,mlrev,WIN,通用
cskills,mobile-reverse-engineering,mobile-reverse,reverse-engineering,rule:csk-readme,no,mobile-reverse-engineering,WIN,通用
cskills,opsecrev,opsecrev,reverse-engineering,rule:csk-readme,no,opsecrev,WIN,通用
cskills,packrev,packrev,reverse-engineering,rule:csk-readme,no,packrev,WIN,通用
cskills,protrev,protrev,reverse-engineering,rule:csk-readme,no,protrev,WIN,通用
cskills,rev-report,rev-report,reverse-engineering,rule:csk-readme,no,rev-report,WIN,通用
cskills,revauto,revauto,reverse-engineering,rule:csk-readme,no,revauto,WIN,通用
cskills,reverse-engineering,reverse,reverse-engineering,rule:csk-readme,no,reverse-engineering,dup,
cskills,revlab,revlab,reverse-engineering,rule:csk-readme,no,revlab,WIN,通用
cskills,rktrev,rktrev,reverse-engineering,rule:csk-readme,no,rktrev,WIN,通用
cskills,rustrev,rustrev,reverse-engineering,rule:csk-readme,no,rustrev,WIN,通用
cskills,scriptrev,scriptrev,reverse-engineering,rule:csk-readme,no,scriptrev,WIN,通用
cskills,sdkrev,sdkrev,reverse-engineering,rule:csk-readme,no,sdkrev,WIN,通用
cskills,sigrev,sigrev,reverse-engineering,rule:csk-readme,no,sigrev,WIN,通用
cskills,supplyrev,supplyrev,reverse-engineering,rule:csk-readme,no,supplyrev,WIN,通用
cskills,swiftrev,swiftrev,reverse-engineering,rule:csk-readme,no,swiftrev,WIN,通用
cskills,ttdrev,ttdrev,reverse-engineering,rule:csk-readme,no,ttdrev,WIN,通用
cskills,vmrev,vmrev,reverse-engineering,rule:csk-readme,no,vmrev,WIN,通用
cskills,vulnrev,vulnrev,reverse-engineering,rule:csk-readme,no,vulnrev,WIN,通用
cskills,wasmrev,wasmrev,reverse-engineering,rule:csk-readme,no,wasmrev,WIN,通用
cskills,webrev,webrev,reverse-engineering,rule:csk-readme,no,webrev,WIN,通用
cskills,winrev,winrev,reverse-engineering,rule:csk-readme,no,winrev,WIN,通用
community,contract-and-proposal-writer,contract-and-proposal-writer,sales-enablement,rule:community-path,yes,sales-enablement/community/contract-and-proposal-writer,WIN,通用
community,sales-engineer,sales-engineer,sales-enablement,rule:community-path,yes,sales-enablement/community/sales-engineer,WIN,通用
community,iso27001-audit-prep,iso27001-audit-prep,security-compliance,rule:community-path,yes,security-compliance/community/iso27001-audit-prep,WIN,通用
community,soc2-audit-prep,soc2-audit-prep,security-compliance,rule:community-path,yes,security-compliance/community/soc2-audit-prep,WIN,通用
codex,ad-pentest,ad-pentest,security-engineering,kw:pentest,no,ad-pentest,WIN,通用
codex,api-security-test,api-security-test,security-engineering,kw:api-security,no,api-security-test,WIN,通用
codex,authorized-assessment,coff0xc-authorized-assessment,security-engineering,exact,yes,coff0xc-authorized-assessment,WIN,通用
codex,backdoor-detector,backdoor-detector,security-engineering,kw:backdoor,no,backdoor-detector,WIN,通用
codex,binary-mobile-iot,coff0xc-binary-mobile-iot,security-engineering,exact,yes,coff0xc-binary-mobile-iot,WIN,通用
codex,blockchain-security,blockchain-security,security-engineering,kw:security,no,blockchain-security,WIN,通用
codex,blockchain-security-2,coff0xc-blockchain-security,security-engineering,exact,yes,coff0xc-blockchain-security,WIN,通用
codex,browser-security,browser-security,security-engineering,kw:security,no,browser-security,WIN,通用
codex,bug-bounty,bug-bounty,security-engineering,kw:bug-bounty,no,bug-bounty,WIN,通用
codex,c2-framework,c2-framework,security-engineering,kw:c2,no,c2-framework,WIN,通用
codex,cdn-bypass,cdn-bypass,security-engineering,kw:cdn-bypass,no,cdn-bypass,WIN,通用
codex,cloud-devsecops,coff0xc-cloud-devsecops,security-engineering,exact,yes,coff0xc-cloud-devsecops,WIN,通用
codex,cloud-security,cloud-security,security-engineering,kw:security,no,cloud-security,WIN,通用
codex,compliance-architecture,coff0xc-compliance-architecture,security-engineering,exact,yes,coff0xc-compliance-architecture,WIN,通用
codex,compliance-audit,compliance-audit,security-engineering,kw:compliance,no,compliance-audit,WIN,通用
codex,container-security,container-security,security-engineering,kw:security,no,container-security,WIN,通用
codex,credential-access,credential-access,security-engineering,kw:credential,no,credential-access,WIN,通用
codex,crypto-security,crypto-security,security-engineering,kw:crypto-security,no,crypto-security,WIN,通用
codex,ctf,ctf,security-engineering,kw:ctf,no,ctf,WIN,通用
codex,data-exfiltration,data-exfiltration,security-engineering,kw:data-exfil,no,data-exfiltration,WIN,通用
codex,data-security,data-security,security-engineering,kw:security,no,data-security,WIN,通用
codex,detection-engineering,detection,security-engineering,kw:detection,no,detection-engineering,WIN,通用
codex,detection-response,coff0xc-detection-response,security-engineering,exact,yes,coff0xc-detection-response,WIN,通用
codex,devsecops,devsecops,security-engineering,kw:devsecops,no,devsecops,WIN,通用
codex,edr-endpoint,edr-endpoint,security-engineering,kw:edr,no,edr-endpoint,WIN,通用
codex,email-security,email-security,security-engineering,kw:email-security,no,email-security,WIN,通用
codex,evasion-toolkit,evasion-toolkit,security-engineering,kw:evasion,no,evasion-toolkit,WIN,通用
codex,fingerprint-engine,fingerprint-engine,security-engineering,exact,no,fingerprint-engine,WIN,通用
codex,forensics-analysis,forensics-analysis,security-engineering,kw:forensic,no,forensics-analysis,WIN,通用
codex,full-pentest,full-pentest,security-engineering,kw:pentest,no,full-pentest,WIN,通用
codex,graphql-pentest,graphql-pentest,security-engineering,kw:pentest,no,graphql-pentest,WIN,通用
codex,honeypot,honeypot,security-engineering,kw:honeypot,no,honeypot,WIN,通用
codex,iac-devops,iac-devops,security-engineering,kw:iac-devops,no,iac-devops,WIN,通用
codex,ics-scada,ics-scada,security-engineering,kw:ics-scada,no,ics-scada,WIN,通用
codex,identity-security,identity-security,security-engineering,kw:security,no,identity-security,WIN,通用
codex,identity-zero-trust,coff0xc-identity-zero-trust,security-engineering,exact,yes,coff0xc-identity-zero-trust,WIN,通用
codex,incident-response,incident-response,security-engineering,kw:incident,no,incident-response,WIN,通用
codex,iot-security,iot-security,security-engineering,kw:iot-security,no,iot-security,WIN,通用
codex,kernel-security,kernel-security,security-engineering,kw:kernel-security,no,kernel-security,WIN,通用
codex,lateral-movement,lateral-movement,security-engineering,kw:lateral,no,lateral-movement,WIN,通用
codex,linux-hardening,linux-hardening,security-engineering,kw:linux-hardening,no,linux-hardening,WIN,通用
codex,llm-red-teaming,llm-red-teaming,security-engineering,kw:red-team,no,llm-red-teaming,WIN,通用
codex,malware-analysis,malware-analysis,security-engineering,kw:malware,no,malware-analysis,WIN,通用
codex,mobile-security,mobile-security,security-engineering,kw:security,no,mobile-security,WIN,通用
codex,mobile-security-2,anna-mobile-security,security-engineering,kw:security,no,anna-mobile-security,WIN,通用
codex,network-monitoring,network-monitoring,security-engineering,kw:network-monitoring,no,network-monitoring,WIN,通用
codex,network-protocol,network-protocol,security-engineering,kw:network-protocol,no,network-protocol,WIN,通用
codex,network-protocol-security,coff0xc-network-protocol-security,security-engineering,exact,yes,coff0xc-network-protocol-security,WIN,通用
codex,oauth-security,oauth-security,security-engineering,kw:oauth-security,no,oauth-security,WIN,通用
codex,osint,osint,security-engineering,kw:osint,no,osint,WIN,通用
codex,pentest-report,pentest-report,security-engineering,kw:pentest,no,pentest-report,WIN,通用
codex,phishing-simulation,phishing-simulation,security-engineering,kw:phishing,no,phishing-simulation,WIN,通用
codex,post-exploitation,post-exploitation,security-engineering,kw:exploit,no,post-exploitation,WIN,通用
codex,privacy-engineering,privacy,security-engineering,kw:privacy,no,privacy-engineering,WIN,通用
codex,privilege-escalation,privilege-escalation,security-engineering,kw:privilege,no,privilege-escalation,WIN,通用
codex,proxy-pool-manager,proxy-pool-manager,security-engineering,exact,no,proxy-pool-manager,WIN,通用
codex,purple-deception,coff0xc-purple-deception,security-engineering,exact,yes,coff0xc-purple-deception,WIN,通用
codex,purple-team,purple-team,security-engineering,kw:purple,no,purple-team,WIN,通用
codex,quantum-security,quantum-security,security-engineering,kw:security,no,quantum-security,WIN,通用
codex,recon-workflow,recon-workflow,security-engineering,kw:recon,no,recon-workflow,WIN,通用
codex,red-team-infra,red-team-infra,security-engineering,kw:red-team,no,red-team-infra,WIN,通用
codex,red-team-poc,red-team-poc,security-engineering,kw:red-team,no,red-team-poc,WIN,通用
codex,secrets-management,secrets-management,security-engineering,kw:secrets-manage,no,secrets-management,WIN,通用
codex,secure-code-appsec,coff0xc-secure-code-appsec,security-engineering,exact,yes,coff0xc-secure-code-appsec,WIN,通用
codex,security-architecture,security-architecture,security-engineering,kw:security,no,security-architecture,WIN,通用
codex,security-best-practices,security-best-practices,security-engineering,kw:security,yes,security-best-practices,WIN,通用
codex,security-ownership-map,security-ownership-map,security-engineering,kw:security,yes,security-ownership-map,WIN,通用
codex,security-threat-model,security-threat-model,security-engineering,kw:threat,yes,security-threat-model,WIN,通用
codex,security-tool-dev,security-tool,security-engineering,kw:security,no,security-tool-dev,WIN,通用
codex,serverless-security,serverless-security,security-engineering,kw:security,no,serverless-security,WIN,通用
codex,soc-operations,soc-operations,security-engineering,kw:soc,no,soc-operations,WIN,通用
codex,social-engineering,social,security-engineering,kw:soc,no,social-engineering,WIN,通用
codex,spa-pentest,spa-pentest,security-engineering,kw:pentest,no,spa-pentest,WIN,通用
codex,supply-chain-security,supply-chain-security,security-engineering,kw:supply-chain,no,supply-chain-security,WIN,通用
codex,threat-hunting,threat-hunting,security-engineering,kw:threat,no,threat-hunting,WIN,通用
codex,threat-intelligence,threat-intelligence,security-engineering,kw:threat,no,threat-intelligence,WIN,通用
codex,vuln-research,vuln-research,security-engineering,kw:vuln,no,vuln-research,WIN,通用
codex,vulnerability-lifecycle,coff0xc-vulnerability-lifecycle,security-engineering,exact,yes,coff0xc-vulnerability-lifecycle,WIN,通用
codex,vulnerability-management,vulnerability-management,security-engineering,kw:vuln,no,vulnerability-management,WIN,通用
codex,web-pentest,web-pentest,security-engineering,kw:pentest,no,web-pentest,WIN,通用
codex,windows-hardening,windows-hardening,security-engineering,kw:windows-hardening,no,windows-hardening,WIN,通用
codex,wireless-security,wireless-security,security-engineering,kw:wireless,no,wireless-security,WIN,通用
codex,zero-trust,zero-trust,security-engineering,kw:zero-trust,no,zero-trust,WIN,通用
cskills,devsecops,devsecops,security-engineering,rule:csk-readme,no,devsecops,dup,
cskills,mobile-security,mobile-security,security-engineering,rule:csk-readme,no,mobile-security,dup,
cskills,protocol-analysis,protocol-analysis,security-engineering,rule:csk-readme,no,protocol-analysis,WIN,通用
cskills,web-security,web-security,security-engineering,rule:csk-readme,no,web-security,WIN,通用
community,programmatic-seo,programmatic-seo,seo,rule:community-path,yes,seo/community/programmatic-seo,WIN,通用
community,schema-markup,schema-markup,seo,rule:community-path,yes,seo/community/schema-markup,WIN,通用
community,seo-audit,seo-audit,seo,rule:community-path,yes,seo/community/seo-audit,WIN,通用
community,site-architecture,site-architecture,seo,rule:community-path,yes,seo/community/site-architecture,WIN,通用
community,social-content,social-content,social-media,rule:community-path,yes,social-media/community/social-content,WIN,通用
community,social-media-analyzer,social-media-analyzer,social-media,rule:community-path,yes,social-media/community/social-media-analyzer,WIN,通用
community,social-media-manager,social-media-manager,social-media,rule:community-path,yes,social-media/community/social-media-manager,WIN,通用
community,x-twitter-growth,x-twitter-growth,social-media,rule:community-path,yes,social-media/community/x-twitter-growth,WIN,通用
community,video-content-strategist,video-content-strategist,video-webinar-marketing,rule:community-path,yes,video-webinar-marketing/community/video-content-strategist,WIN,通用
community,webinar-marketing,webinar-marketing,video-webinar-marketing,rule:community-path,yes,video-webinar-marketing/community/webinar-marketing,WIN,通用
community,youtube-full,youtube-full,video-webinar-marketing,rule:community-path,yes,video-webinar-marketing/community/youtube-full,WIN,通用
codex,attack-chain-orchestrator,attack-chain-orchestrator,workflow-orchestration,kw:orchestrat,no,attack-chain-orchestrator,WIN,通用
codex,autoredteam-orchestrator,autoredteam-orchestrator,workflow-orchestration,kw:orchestrat,no,autoredteam-orchestrator,WIN,通用
codex,deep-thinking,deep-thinking,workflow-orchestration,exact,no,deep-thinking,WIN,通用
codex,dev,dev,workflow-orchestration,exact,yes,dev,WIN,通用
codex,mcp-builder,mcp-builder,workflow-orchestration,exact,no,mcp-builder,WIN,通用
codex,memory,memory,workflow-orchestration,exact,no,memory,WIN,通用
codex,orchestration,orchestration,workflow-orchestration,exact,no,orchestration,WIN,通用
codex,skill-creator,skill-creator,workflow-orchestration,exact,no,skill-creator,WIN,通用
codex,skill-router,coff0xc-skill-router,workflow-orchestration,exact,yes,coff0xc-skill-router,WIN,通用
codex,spec,spec,workflow-orchestration,exact,no,spec,WIN,通用
codex,spec-check,spec-check,workflow-orchestration,exact,no,spec-check,WIN,通用
codex,spec-do,spec-do,workflow-orchestration,exact,no,spec-do,WIN,通用
ours,local-workflow,local-workflow,workflow-orchestration,rule:ours-path,yes,workflow-orchestration/ours/local-workflow,WIN,通用
ours,project-inception-docs,project-inception-docs,workflow-orchestration,rule:ours-path,yes,workflow-orchestration/ours/project-inception-docs,WIN,通用
ours,project-workflow,project-workflow,workflow-orchestration,rule:ours-path,yes,workflow-orchestration/ours/project-workflow,WIN,通用
